epoch,time,train/box_loss,train/pose_loss,train/kobj_loss,train/cls_loss,train/l1_loss,train/rle_loss,metrics/precision(B),metrics/recall(B),metrics/mAP50(B),metrics/mAP50-95(B),metrics/precision(P),metrics/recall(P),metrics/mAP50(P),metrics/mAP50-95(P),val/box_loss,val/pose_loss,val/kobj_loss,val/cls_loss,val/l1_loss,val/rle_loss,lr/pg0,lr/pg1,lr/pg2
1,16.034,1.73631,10.6418,0,1.92139,0.03354,27.4536,0.99816,1,0.995,0.71718,0,0,0,0,1.09286,10.1701,0,0.37542,0.03405,0,0.000619048,0.000619048,0.000619048
2,21.7971,1.07368,9.30289,0,0.45808,0.01937,19.0963,0.99749,1,0.995,0.6462,0,0,0,0,1.47761,7.86489,0,0.52418,0.04966,0,0.00125389,0.00125389,0.00125389
3,26.9083,1.17818,7.95431,0,0.3852,0.02275,14.9576,0.99676,1,0.995,0.60115,0,0,0,0,1.66995,6.55608,0,0.41031,0.05904,0,0.00185574,0.00185574,0.00185574
4,33.2153,1.20614,7.3793,0,0.40901,0.02206,12.8249,0.99808,1,0.995,0.66526,0.0239,0.01887,0.00136,0.00027,1.38621,6.6152,0,0.37246,0.04407,0,0.0018515,0.0018515,0.0018515
5,38.3332,1.16097,6.72272,0,0.35166,0.02221,11.4192,0.99528,1,0.995,0.74874,0.16908,0.16981,0.03643,0.0037,0.95742,6.0927,0,0.26918,0.03029,0,0.001802,0.001802,0.001802
6,45.336,1.09719,6.14976,0,0.40194,0.02058,10.3801,0.99439,1,0.995,0.77216,0.37515,0.37736,0.20198,0.03131,1.15274,4.52024,0,0.29499,0.03775,0,0.0017525,0.0017525,0.0017525
7,50.955,1.12691,5.70074,0,0.40713,0.02263,9.56921,0.99843,1,0.995,0.69806,0.22625,0.22642,0.05625,0.00911,1.61304,5.47599,0,0.39393,0.05757,0,0.001703,0.001703,0.001703
8,57.463,0.95887,5.17958,0,0.33044,0.01696,8.54415,0.99875,1,0.995,0.84946,0.35803,0.35849,0.19471,0.04865,0.82127,4.53508,0,0.43148,0.02578,0,0.0016535,0.0016535,0.0016535
9,62.6942,0.88651,5.35462,0,0.36634,0.0152,8.38718,0.99833,1,0.995,0.74367,0.75345,0.75472,0.6061,0.13072,1.05849,3.54413,0,0.26664,0.0337,0,0.001604,0.001604,0.001604
10,68.5111,0.94894,5.39691,0,0.37209,0.01709,8.70398,0.99844,1,0.995,0.76597,0.1024,0.09434,0.03059,0.00939,0.87307,5.66884,0,0.25843,0.02718,0,0.0015545,0.0015545,0.0015545
11,74.3312,1.06384,5.03081,0,0.35161,0.02121,8.10595,0.99866,1,0.995,0.79283,0.18849,0.18868,0.05173,0.00753,0.83838,5.29109,0,0.22289,0.02567,0,0.001505,0.001505,0.001505
12,79.5156,1.01971,4.61316,0,0.37745,0.01788,7.73897,0.99867,1,0.995,0.76351,0.9046,0.90566,0.85081,0.23748,1.22685,4.77236,0,0.38261,0.04095,0,0.0014555,0.0014555,0.0014555
13,85.8807,0.96483,4.78902,0,0.4064,0.01816,7.30941,0.99881,1,0.995,0.84991,0.88605,0.88679,0.87962,0.28642,0.65223,4.09395,0,0.22648,0.0197,0,0.001406,0.001406,0.001406
14,91.1128,0.81301,4.25869,0,0.30704,0.01453,6.6463,0.99862,1,0.995,0.86547,0.81027,0.81132,0.7903,0.16737,0.67485,3.6397,0,0.20336,0.02077,0,0.0013565,0.0013565,0.0013565
15,97.5733,0.82805,4.09775,0,0.31163,0.01535,6.67728,0.99873,1,0.995,0.83194,0.99873,1,0.995,0.29527,0.67877,2.7238,0,0.20761,0.02064,0,0.001307,0.001307,0.001307
16,102.659,0.80079,4.29074,0,0.31769,0.01396,6.62044,0.99881,1,0.995,0.86608,0.88574,0.88679,0.87227,0.18289,0.88702,3.46684,0,0.23643,0.02798,0,0.0012575,0.0012575,0.0012575
17,108.74,0.79081,3.87389,0,0.28566,0.01333,6.25397,0.99794,1,0.995,0.87974,0.99794,1,0.995,0.34312,0.75961,2.59219,0,0.20183,0.02345,0,0.001208,0.001208,0.001208
18,119.159,0.74248,3.84846,0,0.34463,0.0135,6.38287,0.99868,1,0.995,0.9044,0.99868,1,0.995,0.38262,0.58328,2.52086,0,0.1573,0.01751,0,0.0011585,0.0011585,0.0011585
19,126.758,0.73375,3.76668,0,0.2778,0.01257,5.961,0.99886,1,0.995,0.87626,0.99886,1,0.995,0.42924,0.50632,2.42718,0,0.16251,0.01486,0,0.001109,0.001109,0.001109
20,132.137,0.75283,3.53875,0,0.26061,0.01257,5.77266,0.99885,1,0.995,0.89375,0.99885,1,0.995,0.41637,0.53572,2.47443,0,0.14278,0.01576,0,0.0010595,0.0010595,0.0010595
21,138.548,0.78333,3.49738,0,0.33155,0.01274,5.81916,0.99889,1,0.995,0.89618,0.99889,1,0.995,0.43096,0.48991,2.44304,0,0.14087,0.01461,0,0.00101,0.00101,0.00101
22,143.757,0.71272,3.4375,0,0.25947,0.01211,5.36867,0.99888,1,0.995,0.88862,0.99888,1,0.995,0.41226,0.49786,2.60604,0,0.15669,0.0148,0,0.0009605,0.0009605,0.0009605
23,150.175,0.69971,3.33998,0,0.25194,0.01209,5.74641,0.9989,1,0.995,0.89976,0.9989,1,0.995,0.40515,0.39417,2.36556,0,0.13403,0.01153,0,0.000911,0.000911,0.000911
24,155.328,0.68179,3.40423,0,0.24788,0.01165,5.25903,0.99892,1,0.995,0.8626,0.99892,1,0.995,0.40387,0.66602,2.34942,0,0.18129,0.01956,0,0.0008615,0.0008615,0.0008615
25,160.909,0.71113,3.4678,0,0.24833,0.01368,5.83807,0.99891,1,0.995,0.8949,0.99891,1,0.995,0.40839,0.6268,2.41243,0,0.17901,0.01864,0,0.000812,0.000812,0.000812
26,166.72,0.66803,3.35783,0,0.25667,0.01169,5.09471,0.99892,1,0.995,0.88657,0.99892,1,0.995,0.41561,0.54436,2.4477,0,0.15864,0.01648,0,0.0007625,0.0007625,0.0007625
27,171.939,0.66933,3.31368,0,0.24012,0.01198,5.41625,0.99891,1,0.995,0.90119,0.99891,1,0.995,0.4711,0.43297,2.36112,0,0.13944,0.01262,0,0.000713,0.000713,0.000713
28,178.329,0.65055,3.1245,0,0.2435,0.01151,5.09164,0.99891,1,0.995,0.89864,0.99891,1,0.995,0.43962,0.47862,2.47849,0,0.1464,0.01439,0,0.0006635,0.0006635,0.0006635
29,183.523,0.59885,3.1411,0,0.23956,0.01017,4.75162,0.99889,1,0.995,0.90953,0.99889,1,0.995,0.43251,0.52639,2.24316,0,0.16327,0.01532,0,0.000614,0.000614,0.000614
30,189.882,0.63085,3.1674,0,0.24111,0.01039,4.90501,0.99892,1,0.995,0.91868,0.99892,1,0.995,0.43274,0.45238,2.26406,0,0.12427,0.01324,0,0.0005645,0.0005645,0.0005645
31,197.831,0.62215,2.55099,0,0.27166,0.01457,5.416,0.99889,1,0.995,0.89204,0.99889,1,0.995,0.43452,0.65152,2.14396,0,0.19653,0.02015,0,0.000515,0.000515,0.000515
32,204.019,0.58688,2.40038,0,0.2188,0.01449,5.40654,0.99884,1,0.995,0.89437,0.99884,1,0.995,0.45377,0.59653,2.14214,0,0.16634,0.01777,0,0.0004655,0.0004655,0.0004655
33,209.151,0.60797,2.4506,0,0.18451,0.01626,5.77556,0.9988,1,0.995,0.89933,0.9988,1,0.995,0.40118,0.56867,2.36925,0,0.16052,0.017,0,0.000416,0.000416,0.000416
34,215.165,0.54395,2.47502,0,0.17759,0.01342,5.52021,0.99879,1,0.995,0.89673,0.99879,1,0.995,0.46927,0.52386,2.15919,0,0.1406,0.01563,0,0.0003665,0.0003665,0.0003665
35,221.206,0.54319,2.3471,0,0.16791,0.01419,5.43108,0.99881,1,0.995,0.89502,0.99881,1,0.995,0.45976,0.48227,2.163,0,0.13648,0.01451,0,0.000317,0.000317,0.000317
36,226.439,0.50156,2.27814,0,0.15793,0.0131,5.13793,0.99882,1,0.995,0.8949,0.99882,1,0.995,0.44699,0.46523,2.14355,0,0.12943,0.01392,0,0.0002675,0.0002675,0.0002675
37,232.589,0.49457,2.30457,0,0.16457,0.01207,5.14557,0.99882,1,0.995,0.91612,0.99882,1,0.995,0.45629,0.44367,2.10069,0,0.14479,0.01294,0,0.000218,0.000218,0.000218
38,237.48,0.49135,2.20981,0,0.1694,0.01231,5.01054,0.99883,1,0.995,0.92656,0.99883,1,0.995,0.45717,0.43196,2.08553,0,0.12523,0.01264,0,0.0001685,0.0001685,0.0001685
39,243.807,0.44276,2.22082,0,0.17194,0.0105,4.95631,0.99885,1,0.995,0.9168,0.99885,1,0.995,0.45791,0.39788,2.09199,0,0.11685,0.0116,0,0.000119,0.000119,0.000119
40,248.902,0.4269,2.32101,0,0.14013,0.01032,4.94379,0.99885,1,0.995,0.91877,0.99885,1,0.995,0.46365,0.39929,2.09798,0,0.12137,0.01154,0,6.95e-05,6.95e-05,6.95e-05
